Year,Province,Value
1867,New Brunswick,0.314637
1867,Nova Scotia,0.324686
1867,Ontario,0.675199
1867,Quebec,0.91342
1868,New Brunswick,0.314637
1868,Nova Scotia,0.462907
1868,Ontario,0.846704
1868,Quebec,0.979802
1869,New Brunswick,0.314637
1869,Nova Scotia,0.443138
1869,Ontario,0.971203
1869,Quebec,0.859626
1870,Manitoba,0.067204
1870,New Brunswick,0.314638
1870,Nova Scotia,0.408068
1870,Ontario,1.03503
1870,Quebec,0.8
1871,British Columbia,0.214
1871,Manitoba,0.067204
1871,New Brunswick,0.34162
1871,Nova Scotia,0.471085
1871,Ontario,1.036204
1871,Quebec,0.8
1872,British Columbia,0.21629
1872,Manitoba,0.067204
1872,New Brunswick,0.341622
1872,Nova Scotia,0.473306
1872,Ontario,1.022978
1872,Quebec,0.8
1873,British Columbia,0.230294
1873,Manitoba,0.070368
1873,New Brunswick,0.465287
1873,Nova Scotia,0.549841
1873,Ontario,1.196873
1873,Prince Edward Island,0.280841
1873,Quebec,0.959253
1874,British Columbia,0.22505
1874,Manitoba,0.065412
1874,New Brunswick,0.513638
1874,Nova Scotia,0.549589
1874,Ontario,1.196873
1874,Prince Edward Island,0.241147
1874,Quebec,0.959253
1875,British Columbia,0.218247
1875,Manitoba,0.090972
1875,New Brunswick,0.512537
1875,Nova Scotia,0.534483
1875,Ontario,1.196873
1875,Prince Edward Island,0.17799
1875,Quebec,0.959253
1876,British Columbia,0.208217
1876,Manitoba,0.09
1876,New Brunswick,0.511329
1876,Nova Scotia,0.520644
1876,Ontario,1.196873
1876,Prince Edward Island,0.169535
1876,Quebec,0.959253
1877,British Columbia,0.208094
1877,Manitoba,0.09
1877,New Brunswick,0.440123
1877,Nova Scotia,0.418701
1877,Ontario,1.196873
1877,Prince Edward Island,0.159764
1877,Quebec,0.959253
1878,British Columbia,0.208094
1878,Manitoba,0.09
1878,New Brunswick,0.43117
1878,Nova Scotia,0.399925
1878,Ontario,1.196873
1878,Prince Edward Island,0.157449
1878,Quebec,0.959253
1879,British Columbia,0.208086
1879,Manitoba,0.105653
1879,New Brunswick,0.428009
1879,Nova Scotia,0.37863
1879,Ontario,1.196873
1879,Prince Edward Island,0.154342
1879,Quebec,0.959253
1880,British Columbia,0.208019
1880,Manitoba,0.105653
1880,New Brunswick,0.427349
1880,Nova Scotia,0.405082
1880,Ontario,1.196873
1880,Prince Edward Island,0.153289
1880,Quebec,0.959253
1881,British Columbia,0.207366
1881,Manitoba,0.163071
1881,New Brunswick,0.455409
1881,Nova Scotia,0.384146
1881,Ontario,1.196873
1881,Prince Edward Island,0.164881
1881,Quebec,0.959253
1882,British Columbia,0.207996
1882,Manitoba,0.227153
1882,New Brunswick,0.456971
1882,Nova Scotia,0.393753
1882,Ontario,1.196873
1882,Prince Edward Island,0.164674
1882,Quebec,0.959253
1883,British Columbia,0.207996
1883,Manitoba,0.227153
1883,New Brunswick,0.454971
1883,Nova Scotia,0.392457
1883,Ontario,1.196873
1883,Prince Edward Island,0.164511
1883,Quebec,0.959253
1884,British Columbia,0.212151
1884,Manitoba,0.229858
1884,New Brunswick,0.485159
1884,Nova Scotia,0.432621
1884,Ontario,1.339287
1884,Prince Edward Island,0.173537
1884,Quebec,1.086714
1885,British Columbia,0.212151
1885,Manitoba,0.443075
1885,New Brunswick,0.495012
1885,Nova Scotia,0.43275
1885,Ontario,1.339287
1885,Prince Edward Island,0.173537
1885,Quebec,1.086714
1886,British Columbia,0.212151
1886,Manitoba,0.435861
1886,New Brunswick,0.488909
1886,Nova Scotia,0.432882
1886,Ontario,1.339287
1886,Prince Edward Island,0.173537
1886,Quebec,1.086714
1887,British Columbia,0.212151
1887,Manitoba,0.435595
1887,New Brunswick,0.488359
1887,Nova Scotia,0.432873
1887,Ontario,1.339287
1887,Prince Edward Island,0.193537
1887,Quebec,1.086714
1888,British Columbia,0.212151
1888,Manitoba,0.435596
1888,New Brunswick,0.486229
1888,Nova Scotia,0.432867
1888,Ontario,1.26808
1888,Prince Edward Island,0.193521
1888,Quebec,1.022983
1889,British Columbia,0.212151
1889,Manitoba,0.435596
1889,New Brunswick,0.484315
1889,Nova Scotia,0.432831
1889,Ontario,1.196873
1889,Prince Edward Island,0.183903
1889,Quebec,0.959253
1890,British Columbia,0.212151
1890,Manitoba,0.435596
1890,New Brunswick,0.483546
1890,Nova Scotia,0.432823
1890,Ontario,1.196873
1890,Prince Edward Island,0.183515
1890,Quebec,0.959253
1891,British Columbia,0.242242
1891,Manitoba,0.437607
1891,New Brunswick,0.483575
1891,Nova Scotia,0.432819
1891,Ontario,1.196873
1891,Prince Edward Island,0.183545
1891,Quebec,0.959253
1892,British Columbia,0.242242
1892,Manitoba,0.437594
1892,New Brunswick,0.483564
1892,Nova Scotia,0.432815
1892,Ontario,1.196873
1892,Prince Edward Island,0.183424
1892,Quebec,0.959253
1893,British Columbia,0.243585
1893,Manitoba,0.437601
1893,New Brunswick,0.48357
1893,Nova Scotia,0.432814
1893,Ontario,1.339287
1893,Prince Edward Island,0.183084
1893,Quebec,1.086714
1894,British Columbia,0.24269
1894,Manitoba,0.482593
1894,New Brunswick,0.483567
1894,Nova Scotia,0.432813
1894,Ontario,1.339287
1894,Prince Edward Island,0.183011
1894,Quebec,1.086713
1895,British Columbia,0.242689
1895,Manitoba,0.467596
1895,New Brunswick,0.483556
1895,Nova Scotia,0.432812
1895,Ontario,1.339287
1895,Prince Edward Island,0.183011
1895,Quebec,1.086713
1896,British Columbia,0.242689
1896,Manitoba,0.470336
1896,New Brunswick,0.483556
1896,Nova Scotia,0.432809
1896,Ontario,1.339287
1896,Prince Edward Island,0.182668
1896,Quebec,1.086714
1897,British Columbia,0.242689
1897,Manitoba,0.470336
1897,New Brunswick,0.483538
1897,Nova Scotia,0.432808
1897,Ontario,1.339287
1897,Prince Edward Island,0.182
1897,Quebec,1.086714
1898,British Columbia,0.242689
1898,Manitoba,0.483687
1898,New Brunswick,0.48352
1898,Nova Scotia,0.432807
1898,Ontario,1.339287
1898,Prince Edward Island,0.181932
1898,Quebec,1.086714
1899,British Columbia,0.242689
1899,Manitoba,0.483687
1899,New Brunswick,0.483492
1899,Nova Scotia,0.432808
1899,Ontario,1.339287
1899,Prince Edward Island,0.181932
1899,Quebec,1.086714
1900,British Columbia,0.242689
1900,Manitoba,0.483687
1900,New Brunswick,0.483492
1900,Nova Scotia,0.432807
1900,Ontario,1.339287
1900,Prince Edward Island,0.181932
1900,Quebec,1.086713
1901,British Columbia,0.307077
1901,Manitoba,0.532905
1901,New Brunswick,0.491377
1901,Nova Scotia,0.432806
1901,Ontario,1.339287
1901,Prince Edward Island,0.211932
1901,Quebec,1.086713
1902,British Columbia,0.307077
1902,Manitoba,0.533327
1902,New Brunswick,0.491361
1902,Nova Scotia,0.432806
1902,Ontario,1.339287
1902,Prince Edward Island,0.211932
1902,Quebec,1.086713
1903,British Columbia,0.307077
1903,Manitoba,0.533116
1903,New Brunswick,0.491361
1903,Nova Scotia,0.432806
1903,Ontario,1.339287
1903,Prince Edward Island,0.211932
1903,Quebec,1.086713
1904,British Columbia,0.307077
1904,Manitoba,0.646862
1904,New Brunswick,0.491361
1904,Nova Scotia,0.432806
1904,Ontario,1.339287
1904,Prince Edward Island,0.211932
1904,Quebec,1.086713
1905,Alberta,1.124125
1905,British Columbia,0.307077
1905,Manitoba,0.608947
1905,New Brunswick,0.491361
1905,Nova Scotia,0.432806
1905,Ontario,1.339287
1905,Prince Edward Island,0.211932
1905,Quebec,1.086713
1905,Saskatchewan,1.124125
1906,Alberta,1.124125
1906,British Columbia,0.307077
1906,Manitoba,0.621497
1906,New Brunswick,0.491361
1906,Nova Scotia,0.432806
1906,Ontario,1.339287
1906,Prince Edward Island,0.211932
1906,Quebec,1.086713
1906,Saskatchewan,1.130335
1907,Alberta,1.212458
1907,British Columbia,0.522077
1907,Manitoba,0.751497
1907,New Brunswick,0.621361
1907,Nova Scotia,0.610465
1907,Ontario,2.128772
1907,Prince Edward Island,0.281932
1907,Quebec,1.686579
1907,Saskatchewan,1.217634
1908,Alberta,1.254125
1908,British Columbia,0.522077
1908,Manitoba,0.751497
1908,New Brunswick,0.621361
1908,Nova Scotia,0.610465
1908,Ontario,2.128772
1908,Prince Edward Island,0.281932
1908,Quebec,1.686579
1908,Saskatchewan,1.260335
1909,Alberta,1.273165
1909,British Columbia,0.522077
1909,Manitoba,0.881622
1909,New Brunswick,0.621361
1909,Nova Scotia,0.61046
1909,Ontario,2.128772
1909,Prince Edward Island,0.281932
1909,Quebec,1.686579
1909,Saskatchewan,1.35542
1910,Alberta,1.173069
1910,British Columbia,0.522077
1910,Manitoba,0.838247
1910,New Brunswick,0.621361
1910,Nova Scotia,0.61046
1910,Ontario,2.128772
1910,Prince Edward Island,0.281932
1910,Quebec,1.686579
1910,Saskatchewan,1.229975
1911,Alberta,1.260722
1911,British Columbia,0.713781
1911,Manitoba,0.833642
1911,New Brunswick,0.637976
1911,Nova Scotia,0.63667
1911,Ontario,2.396429
1911,Prince Edward Island,0.281932
1911,Quebec,1.971705
1911,Saskatchewan,1.548189
1912,Alberta,1.259489
1912,British Columbia,0.732489
1912,Manitoba,3.64391
1912,New Brunswick,0.637977
1912,Nova Scotia,0.636666
1912,Ontario,2.396328
1912,Prince Edward Island,0.381932
1912,Quebec,1.967556
1912,Saskatchewan,1.555453
1913,Alberta,1.42459
1913,British Columbia,0.723135
1913,Manitoba,1.478912
1913,New Brunswick,0.637976
1913,Nova Scotia,0.636667
1913,Ontario,2.396379
1913,Prince Edward Island,0.381932
1913,Quebec,1.96963
1913,Saskatchewan,1.631248
1914,Alberta,1.589075
1914,British Columbia,0.723135
1914,Manitoba,1.406204
1914,New Brunswick,0.637976
1914,Nova Scotia,0.636667
1914,Ontario,2.396379
1914,Prince Edward Island,0.381932
1914,Quebec,1.96963
1914,Saskatchewan,1.710675
1915,Alberta,1.589075
1915,British Columbia,0.723135
1915,Manitoba,1.406204
1915,New Brunswick,0.637976
1915,Nova Scotia,0.636667
1915,Ontario,2.396379
1915,Prince Edward Island,0.381932
1915,Quebec,1.96963
1915,Saskatchewan,1.710675
1916,Alberta,1.589075
1916,British Columbia,0.723135
1916,Manitoba,1.423679
1916,New Brunswick,0.637976
1916,Nova Scotia,0.636667
1916,Ontario,2.396379
1916,Prince Edward Island,0.381932
1916,Quebec,1.96963
1916,Saskatchewan,1.710675
1917,Alberta,1.589075
1917,British Columbia,0.623135
1917,Manitoba,1.423679
1917,New Brunswick,0.637976
1917,Nova Scotia,0.636667
1917,Ontario,2.396379
1917,Prince Edward Island,0.381932
1917,Quebec,1.96963
1917,Saskatchewan,1.710675
1918,Alberta,1.554105
1918,British Columbia,0.623135
1918,Manitoba,1.447335
1918,New Brunswick,0.637976
1918,Nova Scotia,0.636667
1918,Ontario,2.396379
1918,Prince Edward Island,0.381932
1918,Quebec,1.96963
1918,Saskatchewan,1.680077
1919,Alberta,1.621075
1919,British Columbia,0.623135
1919,Manitoba,1.470991
1919,New Brunswick,0.637976
1919,Nova Scotia,0.636667
1919,Ontario,2.396379
1919,Prince Edward Island,0.381932
1919,Quebec,1.96963
1919,Saskatchewan,1.753075
1920,Alberta,1.621075
1920,British Columbia,0.623135
1920,Manitoba,1.470991
1920,New Brunswick,0.637976
1920,Nova Scotia,0.636667
1920,Ontario,2.396379
1920,Prince Edward Island,0.381932
1920,Quebec,1.96963
1920,Saskatchewan,1.753075
1921,Alberta,1.628638
1921,British Columbia,0.738816
1921,Manitoba,1.470991
1921,New Brunswick,0.666766
1921,Nova Scotia,0.661866
1921,Ontario,2.642612
1921,Prince Edward Island,0.381932
1921,Quebec,2.25642
1921,Saskatchewan,1.763883
1922,Alberta,1.628638
1922,British Columbia,0.738816
1922,Manitoba,1.46638
1922,New Brunswick,0.666766
1922,Nova Scotia,0.661866
1922,Ontario,2.642612
1922,Prince Edward Island,0.381932
1922,Quebec,2.25642
1922,Saskatchewan,1.763883
1923,Alberta,1.651537
1923,British Columbia,0.738816
1923,Manitoba,1.485118
1923,New Brunswick,0.666766
1923,Nova Scotia,0.661866
1923,Ontario,2.642612
1923,Prince Edward Island,0.381932
1923,Quebec,2.25642
1923,Saskatchewan,1.901069
1924,Alberta,1.674435
1924,British Columbia,0.738816
1924,Manitoba,1.501551
1924,New Brunswick,0.666766
1924,Nova Scotia,0.661864
1924,Ontario,2.642612
1924,Prince Edward Island,0.381932
1924,Quebec,2.25642
1924,Saskatchewan,1.757005
1925,Alberta,1.674435
1925,British Columbia,0.738816
1925,Manitoba,1.501551
1925,New Brunswick,0.666766
1925,Nova Scotia,0.661841
1925,Ontario,2.642612
1925,Prince Edward Island,0.381932
1925,Quebec,2.25642
1925,Saskatchewan,1.850755
1926,Alberta,1.643842
1926,British Columbia,0.738816
1926,Manitoba,1.491836
1926,New Brunswick,0.666766
1926,Nova Scotia,0.661841
1926,Ontario,2.642612
1926,Prince Edward Island,0.381932
1926,Quebec,2.25642
1926,Saskatchewan,2.032576
1927,Alberta,1.643842
1927,British Columbia,0.738816
1927,Manitoba,1.491836
1927,New Brunswick,1.266766
1927,Nova Scotia,1.536841
1927,Ontario,2.642612
1927,Prince Edward Island,0.506932
1927,Quebec,2.25642
1927,Saskatchewan,2.032575
1928,Alberta,1.657183
1928,British Columbia,0.738817
1928,Manitoba,1.500214
1928,New Brunswick,1.266766
1928,Nova Scotia,1.536841
1928,Ontario,2.642612
1928,Prince Edward Island,0.506932
1928,Quebec,2.25642
1928,Saskatchewan,2.047935
1929,Alberta,1.576685
1929,British Columbia,0.738817
1929,Manitoba,1.508591
1929,New Brunswick,1.266766
1929,Nova Scotia,1.536841
1929,Ontario,2.642612
1929,Prince Edward Island,0.506932
1929,Quebec,2.25642
1929,Saskatchewan,2.063295
1930,Alberta,3.271799
1930,British Columbia,2.695658
1930,Manitoba,3.908588
1930,New Brunswick,1.770766
1930,Nova Scotia,2.328841
1930,Ontario,10.851418
1930,Prince Edward Island,0.601932
1930,Quebec,5.54842
1930,Saskatchewan,4.213236
1931,Alberta,5.202074
1931,British Columbia,5.502018
1931,Manitoba,5.766714
1931,New Brunswick,2.05604
1931,Nova Scotia,2.606841
1931,Ontario,18.453097
1931,Prince Edward Island,0.635932
1931,Quebec,8.029014
1931,Saskatchewan,11.119405
1932,Alberta,3.876833
1932,British Columbia,5.32136
1932,Manitoba,4.81799
1932,New Brunswick,1.51304
1932,Nova Scotia,2.099256
1932,Ontario,18.125741
1932,Prince Edward Island,0.531932
1932,Quebec,6.845014
1932,Saskatchewan,9.127866
1933,Alberta,4.242334102
1933,British Columbia,5.582694957
1933,Manitoba,5.565281063
1933,New Brunswick,1.88604
1933,Nova Scotia,2.789048
1933,Ontario,22.87897457
1933,Prince Edward Island,0.605932
1933,Quebec,10.889014
1933,Saskatchewan,6.183512496
1934,Alberta,4.261356898
1934,British Columbia,5.361529043
1934,Manitoba,5.451007937
1934,New Brunswick,1.71804
1934,Nova Scotia,3.256197
1934,Ontario,21.54361543
1934,Prince Edward Island,0.766522667
1934,Quebec,8.938014
1934,Saskatchewan,11.2480305
1935,Alberta,4.737939
1935,British Columbia,5.534382
1935,Manitoba,7.038435
1935,New Brunswick,2.65304
1935,Nova Scotia,4.878827
1935,Ontario,27.38952
1935,Prince Edward Island,1.087042
1935,Quebec,10.095014
1935,Saskatchewan,12.437255
1936,Alberta,5.779883
1936,British Columbia,6.913912
1936,Manitoba,8.159652
1936,New Brunswick,3.062312
1936,Nova Scotia,4.799097
1936,Ontario,25.703021
1936,Prince Edward Island,1.107465
1936,Quebec,14.193014
1936,Saskatchewan,13.041547
1937,Alberta,5.632473
1937,British Columbia,6.231684
1937,Manitoba,7.512419
1937,New Brunswick,3.400897
1937,Nova Scotia,4.359427
1937,Ontario,19.539409
1937,Prince Edward Island,0.947585
1937,Quebec,18.365736
1937,Saskatchewan,13.580037
1938,Alberta,4.880226
1938,British Columbia,5.642806
1938,Manitoba,6.490826
1938,New Brunswick,3.43347
1938,Nova Scotia,4.215094
1938,Ontario,19.955369
1938,Prince Edward Island,0.921557
1938,Quebec,15.404095
1938,Saskatchewan,10.346696
1939,Alberta,4.770593
1939,British Columbia,6.667145
1939,Manitoba,6.627849
1939,New Brunswick,3.758025
1939,Nova Scotia,4.33657
1939,Ontario,20.431544
1939,Prince Edward Island,0.900084
1939,Quebec,15.710963
1939,Saskatchewan,8.92114
1940,Alberta,4.08544
1940,British Columbia,5.080907
1940,Manitoba,5.643019
1940,New Brunswick,3.47355
1940,Nova Scotia,4.070719
1940,Ontario,15.950082
1940,Prince Edward Island,0.893873
1940,Quebec,13.359166
1940,Saskatchewan,7.200514
1941,Alberta,3.615927
1941,British Columbia,4.155861
1941,Manitoba,4.616517
1941,New Brunswick,3.309188
1941,Nova Scotia,4.045591
1941,Ontario,13.169905
1941,Prince Edward Island,0.872135
1941,Quebec,9.95471
1941,Saskatchewan,5.672623
1942,Alberta,7.8074
1942,British Columbia,18.5585
1942,Manitoba,10.4039
1942,New Brunswick,6.9988
1942,Nova Scotia,6.8082
1942,Ontario,49.1601
1942,Prince Edward Island,1.3937
1942,Quebec,34.8129
1942,Saskatchewan,10.4026
1943,Alberta,8.108
1943,British Columbia,17.1142
1943,Manitoba,9.7881
1943,New Brunswick,6.9651
1943,Nova Scotia,6.83
1943,Ontario,52.6367
1943,Prince Edward Island,1.4241
1943,Quebec,35.8405
1943,Saskatchewan,11.2915
1944,Alberta,8.4739
1944,British Columbia,17.3101
1944,Manitoba,10.5474
1944,New Brunswick,7.514
1944,Nova Scotia,7.3044
1944,Ontario,52.9371
1944,Prince Edward Island,1.4636
1944,Quebec,36.0862
1944,Saskatchewan,11.2056
1945,Alberta,20.1785
1945,British Columbia,17.5099
1945,Manitoba,10.693
1945,New Brunswick,7.6151
1945,Nova Scotia,7.4386
1945,Ontario,50.3331
1945,Prince Edward Island,1.5041
1945,Quebec,35.8492
1945,Saskatchewan,11.3879
1946,Alberta,12.1603
1946,British Columbia,17.7937
1946,Manitoba,10.9788
1946,New Brunswick,12.4497
1946,Nova Scotia,11.9517
1946,Ontario,51.7127
1946,Prince Edward Island,2.0443
1946,Quebec,39.4788
1946,Saskatchewan,11.8862
1947,Alberta,28.6004
1947,British Columbia,25.4529
1947,Manitoba,19.4439
1947,New Brunswick,11.9278
1947,Nova Scotia,14.3897
1947,Ontario,52.9528
1947,Prince Edward Island,2.4727
1947,Quebec,43.5849
1947,Saskatchewan,28.047
1948,Alberta,21.0705
1948,British Columbia,40.8446
1948,Manitoba,20.3497
1948,New Brunswick,15.2296
1948,Nova Scotia,18.3708
1948,Ontario,26.9708
1948,Prince Edward Island,3.2807
1948,Quebec,25.3815
1948,Saskatchewan,21.7599
1949,Alberta,22
1949,British Columbia,30.9
1949,Manitoba,20.1
1949,New Brunswick,16.1
1949,Newfoundland and Labrador,16.2
1949,Nova Scotia,19.4
1949,Ontario,37.6
1949,Prince Edward Island,3.6
1949,Quebec,34
1949,Saskatchewan,22
1950,Alberta,25.9
1950,British Columbia,36.1
1950,Manitoba,36.6
1950,New Brunswick,18.6
1950,Newfoundland and Labrador,21
1950,Nova Scotia,21.7
1950,Ontario,43.2
1950,Prince Edward Island,4.5
1950,Quebec,38.1
1950,Saskatchewan,25.9
1951,Alberta,25.9
1951,British Columbia,36.8
1951,Manitoba,24.1
1951,New Brunswick,18.6
1951,Newfoundland and Labrador,20.9
1951,Nova Scotia,22
1951,Ontario,43.6
1951,Prince Edward Island,4.3
1951,Quebec,35.2
1951,Saskatchewan,26.5
1952,Alberta,42.3
1952,British Columbia,57.1
1952,Manitoba,32.4
1952,New Brunswick,22.9
1952,Newfoundland and Labrador,22.6
1952,Nova Scotia,25.4
1952,Ontario,148.8
1952,Prince Edward Island,5.4
1952,Quebec,22
1952,Saskatchewan,33.5
1953,Alberta,39.8
1953,British Columbia,55.2
1953,Manitoba,32.4
1953,New Brunswick,22.8
1953,Newfoundland and Labrador,21.2
1953,Nova Scotia,25
1953,Ontario,156.8
1953,Prince Edward Island,5
1953,Quebec,24.7
1953,Saskatchewan,32.8
1954,Alberta,41.8
1954,British Columbia,59
1954,Manitoba,33.9
1954,New Brunswick,23.2
1954,Newfoundland and Labrador,22.4
1954,Nova Scotia,26.3
1954,Ontario,170.2
1954,Prince Edward Island,5.1
1954,Quebec,24
1954,Saskatchewan,35.1
1955,Alberta,42.3
1955,British Columbia,58.4
1955,Manitoba,33.2
1955,New Brunswick,23.5
1955,Newfoundland and Labrador,22.7
1955,Nova Scotia,26.7
1955,Ontario,166.5
1955,Prince Edward Island,5.6
1955,Quebec,26.3
1955,Saskatchewan,34.9
1956,Alberta,48.4
1956,British Columbia,75.9
1956,Manitoba,38.5
1956,New Brunswick,28.4
1956,Newfoundland and Labrador,24.4
1956,Nova Scotia,29.4
1956,Ontario,191
1956,Prince Edward Island,4.9
1956,Quebec,28
1956,Saskatchewan,37.3
1957,Alberta,60.1
1957,British Columbia,89.8
1957,Manitoba,42.6
1957,New Brunswick,32.6
1957,Newfoundland and Labrador,25.1
1957,Nova Scotia,37.1
1957,Ontario,86
1957,Prince Edward Island,6.7
1957,Quebec,72.8
1957,Saskatchewan,43.8
1958,Alberta,72.2
1958,British Columbia,110.4
1958,Manitoba,51.7
1958,New Brunswick,49
1958,Newfoundland and Labrador,55.2
1958,Nova Scotia,47.6
1958,Ontario,167.4
1958,Prince Edward Island,8.9
1958,Quebec,98.3
1958,Saskatchewan,53.7
1959,Alberta,89.9
1959,British Columbia,124.5
1959,Manitoba,63.9
1959,New Brunswick,54.6
1959,Newfoundland and Labrador,55.1
1959,Nova Scotia,61.8
1959,Ontario,251.3
1959,Prince Edward Island,11.4
1959,Quebec,119.8
1959,Saskatchewan,68.4
1960,Alberta,92.4
1960,British Columbia,138.7
1960,Manitoba,68
1960,New Brunswick,56.1
1960,Newfoundland and Labrador,56.7
1960,Nova Scotia,65.4
1960,Ontario,272.6
1960,Prince Edward Island,12.1
1960,Quebec,141.6
1960,Saskatchewan,69
1961,Alberta,103.9
1961,British Columbia,149.4
1961,Manitoba,73.4
1961,New Brunswick,58
1961,Newfoundland and Labrador,58.9
1961,Nova Scotia,67.8
1961,Ontario,313
1961,Prince Edward Island,12.2
1961,Quebec,237.4
1961,Saskatchewan,72.8
1962,Alberta,90.2
1962,British Columbia,83.9
1962,Manitoba,57.3
1962,New Brunswick,53.6
1962,Newfoundland and Labrador,65.9
1962,Nova Scotia,64.8
1962,Ontario,327.2
1962,Prince Edward Island,12.9
1962,Quebec,296.6
1962,Saskatchewan,68.7
1963,Alberta,81.8
1963,British Columbia,85.8
1963,Manitoba,61.2
1963,New Brunswick,59.3
1963,Newfoundland and Labrador,72.3
1963,Nova Scotia,66
1963,Ontario,286.3
1963,Prince Edward Island,15.7
1963,Quebec,320
1963,Saskatchewan,65.7
1964,Alberta,79.2
1964,British Columbia,84.5
1964,Manitoba,75.3
1964,New Brunswick,76.3
1964,Newfoundland and Labrador,84.5
1964,Nova Scotia,76.8
1964,Ontario,278
1964,Prince Edward Island,16
1964,Quebec,453.2
1964,Saskatchewan,69.7
1965,Alberta,89.5
1965,British Columbia,103.3
1965,Manitoba,83.1
1965,New Brunswick,89.4
1965,Newfoundland and Labrador,96.7
1965,Nova Scotia,90.6
1965,Ontario,336
1965,Prince Edward Island,18
1965,Quebec,341.7
1965,Saskatchewan,76.2
1966,Alberta,108.8
1966,British Columbia,115.9
1966,Manitoba,111.7
1966,New Brunswick,93.6
1966,Newfoundland and Labrador,100.1
1966,Nova Scotia,123.3
1966,Ontario,419.7
1966,Prince Edward Island,19.9
1966,Quebec,427.5
1966,Saskatchewan,98.5
1967,Alberta,134
1967,British Columbia,126.9
1967,Manitoba,125.6
1967,New Brunswick,131.9
1967,Newfoundland and Labrador,142.2
1967,Nova Scotia,177.2
1967,Ontario,501.8
1967,Prince Edward Island,28.9
1967,Quebec,569.1
1967,Saskatchewan,103.6
1968,Alberta,158
1968,British Columbia,171.2
1968,Manitoba,124.8
1968,New Brunswick,141.2
1968,Newfoundland and Labrador,148.6
1968,Nova Scotia,189.3
1968,Ontario,622.2
1968,Prince Edward Island,28.8
1968,Quebec,636.7
1968,Saskatchewan,114.7
1969,Alberta,192.1
1969,British Columbia,198.3
1969,Manitoba,151.5
1969,New Brunswick,165.6
1969,Newfoundland and Labrador,172.3
1969,Nova Scotia,201.6
1969,Ontario,735.6
1969,Prince Edward Island,38.2
1969,Quebec,708.3
1969,Saskatchewan,127.8
1970,Alberta,248.1
1970,British Columbia,268.3
1970,Manitoba,214.1
1970,New Brunswick,205.7
1970,Newfoundland and Labrador,225.6
1970,Nova Scotia,196.9
1970,Ontario,975.2
1970,Prince Edward Island,60.7
1970,Quebec,1100.3
1970,Saskatchewan,173.1
1971,Alberta,272.6
1971,British Columbia,288.5
1971,Manitoba,231.3
1971,New Brunswick,223.1
1971,Newfoundland and Labrador,239.3
1971,Nova Scotia,229.3
1971,Ontario,1105.5
1971,Prince Edward Island,52.8
1971,Quebec,1288.7
1971,Saskatchewan,253.4
1972,Alberta,303.2
1972,British Columbia,297.3
1972,Manitoba,264.4
1972,New Brunswick,254.7
1972,Newfoundland and Labrador,239.6
1972,Nova Scotia,289.5
1972,Ontario,1191.5
1972,Prince Edward Island,60.7
1972,Quebec,1199.3
1972,Saskatchewan,312.6
1973,Alberta,444.9
1973,British Columbia,332.3
1973,Manitoba,310.4
1973,New Brunswick,304
1973,Newfoundland and Labrador,294.5
1973,Nova Scotia,341.6
1973,Ontario,1258.9
1973,Prince Edward Island,71.1
1973,Quebec,1407.5
1973,Saskatchewan,336.5
1974,Alberta,554.6
1974,British Columbia,502.1
1974,Manitoba,403.7
1974,New Brunswick,379.9
1974,Newfoundland and Labrador,386.6
1974,Nova Scotia,415.7
1974,Ontario,1891.6
1974,Prince Edward Island,87.1
1974,Quebec,1987.6
1974,Saskatchewan,319.6
1975,Alberta,512.9
1975,British Columbia,618.7
1975,Manitoba,456.7
1975,New Brunswick,425.9
1975,Newfoundland and Labrador,386.6
1975,Nova Scotia,509.3
1975,Ontario,2073
1975,Prince Edward Island,112
1975,Quebec,1960.4
1975,Saskatchewan,327.3
1976,Alberta,638.8
1976,British Columbia,808.3
1976,Manitoba,531.9
1976,New Brunswick,489.4
1976,Newfoundland and Labrador,448.8
1976,Nova Scotia,587.9
1976,Ontario,2558.5
1976,Prince Edward Island,135.4
1976,Quebec,2453.7
1976,Saskatchewan,279.5
1977,Alberta,592.6
1977,British Columbia,738.7
1977,Manitoba,667
1977,New Brunswick,520.6
1977,Newfoundland and Labrador,493.7
1977,Nova Scotia,638.3
1977,Ontario,2232.1
1977,Prince Edward Island,126.4
1977,Quebec,3003.8
1977,Saskatchewan,316.3
1978,Alberta,668.1
1978,British Columbia,805.4
1978,Manitoba,607.7
1978,New Brunswick,627.2
1978,Newfoundland and Labrador,606.6
1978,Nova Scotia,688.6
1978,Ontario,2468.6
1978,Prince Edward Island,142
1978,Quebec,3424
1978,Saskatchewan,446
1979,Alberta,671.4
1979,British Columbia,954.3
1979,Manitoba,765.7
1979,New Brunswick,723.5
1979,Newfoundland and Labrador,650.2
1979,Nova Scotia,776.3
1979,Ontario,2779.3
1979,Prince Edward Island,161.3
1979,Quebec,3595.4
1979,Saskatchewan,422.9
1980,Alberta,735.9
1980,British Columbia,1039.1
1980,Manitoba,851.6
1980,New Brunswick,700.7
1980,Newfoundland and Labrador,685.6
1980,Nova Scotia,853
1980,Ontario,2953.4
1980,Prince Edward Island,175.3
1980,Quebec,3797.5
1980,Saskatchewan,519.9
1981,Alberta,875
1981,British Columbia,1127
1981,Manitoba,871
1981,New Brunswick,822
1981,Newfoundland and Labrador,778
1981,Nova Scotia,958
1981,Ontario,3385
1981,Prince Edward Island,183
1981,Quebec,4508
1981,Saskatchewan,568
1982,Alberta,1226
1982,British Columbia,1273
1982,Manitoba,960
1982,New Brunswick,968
1982,Newfoundland and Labrador,897
1982,Nova Scotia,1055
1982,Ontario,3216
1982,Prince Edward Island,216
1982,Quebec,5588
1982,Saskatchewan,640
1983,Alberta,1271
1983,British Columbia,1504
1983,Manitoba,1017
1983,New Brunswick,987
1983,Newfoundland and Labrador,890
1983,Nova Scotia,1094
1983,Ontario,3908
1983,Prince Edward Island,209
1983,Quebec,6195
1983,Saskatchewan,618
1984,Alberta,1565
1984,British Columbia,1770
1984,Manitoba,1187
1984,New Brunswick,1079
1984,Newfoundland and Labrador,985
1984,Nova Scotia,1252
1984,Ontario,4649
1984,Prince Edward Island,261
1984,Quebec,6650
1984,Saskatchewan,781
1985,Alberta,1884
1985,British Columbia,2012
1985,Manitoba,1240
1985,New Brunswick,1221
1985,Newfoundland and Labrador,1214
1985,Nova Scotia,1241
1985,Ontario,5219
1985,Prince Edward Island,247
1985,Quebec,6832
1985,Saskatchewan,864
1986,Alberta,1743
1986,British Columbia,2052
1986,Manitoba,1175
1986,New Brunswick,1196
1986,Newfoundland and Labrador,1190
1986,Nova Scotia,1226
1986,Ontario,5093
1986,Prince Edward Island,243
1986,Quebec,6360
1986,Saskatchewan,884
1987,Alberta,1902
1987,British Columbia,2190
1987,Manitoba,1372
1987,New Brunswick,1307
1987,Newfoundland and Labrador,1285
1987,Nova Scotia,1327
1987,Ontario,5518
1987,Prince Edward Island,253
1987,Quebec,6683
1987,Saskatchewan,1073
1988,Alberta,2109
1988,British Columbia,2316
1988,Manitoba,1671
1988,New Brunswick,1428
1988,Newfoundland and Labrador,1426
1988,Nova Scotia,1559
1988,Ontario,5819
1988,Prince Edward Island,290
1988,Quebec,7184
1988,Saskatchewan,1176
1989,Alberta,2065
1989,British Columbia,2310
1989,Manitoba,1722
1989,New Brunswick,1529
1989,Newfoundland and Labrador,1483
1989,Nova Scotia,1608
1989,Ontario,5948
1989,Prince Edward Island,315
1989,Quebec,7367
1989,Saskatchewan,1273
1990,Alberta,2110
1990,British Columbia,2291
1990,Manitoba,1794
1990,New Brunswick,1634
1990,Newfoundland and Labrador,1615
1990,Nova Scotia,1722
1990,Ontario,6346
1990,Prince Edward Island,336
1990,Quebec,7543
1990,Saskatchewan,1548
1991,Alberta,2191
1991,British Columbia,2228
1991,Manitoba,2036
1991,New Brunswick,1509
1991,Newfoundland and Labrador,1535
1991,Nova Scotia,1674
1991,Ontario,6992
1991,Prince Edward Island,320
1991,Quebec,7382
1991,Saskatchewan,1793
1992,Alberta,2762
1992,British Columbia,2539
1992,Manitoba,1878
1992,New Brunswick,1738
1992,Newfoundland and Labrador,1637
1992,Nova Scotia,1694
1992,Ontario,7429
1992,Prince Edward Island,324
1992,Quebec,8168
1992,Saskatchewan,1747
1993,Alberta,2268
1993,British Columbia,2824
1993,Manitoba,1802
1993,New Brunswick,1527
1993,Newfoundland and Labrador,1448
1993,Nova Scotia,1662
1993,Ontario,8596
1993,Prince Edward Island,294
1993,Quebec,8740
1993,Saskatchewan,1505
1994,Alberta,1981
1994,British Columbia,2633
1994,Manitoba,1980
1994,New Brunswick,1521
1994,Newfoundland and Labrador,1480
1994,Nova Scotia,1836
1994,Ontario,7945
1994,Prince Edward Island,321
1994,Quebec,8477
1994,Saskatchewan,1468
1995,Alberta,1952
1995,British Columbia,2822
1995,Manitoba,2139
1995,New Brunswick,1660
1995,Newfoundland and Labrador,1588
1995,Nova Scotia,2027
1995,Ontario,8423
1995,Prince Edward Island,324
1995,Quebec,9592
1995,Saskatchewan,1305
1996,Alberta,1646
1996,British Columbia,2070
1996,Manitoba,2029
1996,New Brunswick,1697
1996,Newfoundland and Labrador,1708
1996,Nova Scotia,2015
1996,Ontario,6583
1996,Prince Edward Island,292
1996,Quebec,8109
1996,Saskatchewan,1376
1997,Alberta,1390
1997,British Columbia,1855
1997,Manitoba,1924
1997,New Brunswick,1522
1997,Newfoundland and Labrador,1561
1997,Nova Scotia,1846
1997,Ontario,5269
1997,Prince Edward Island,301
1997,Quebec,7030
1997,Saskatchewan,1065
1998,Alberta,1366
1998,British Columbia,2081
1998,Manitoba,1763
1998,New Brunswick,1609
1998,Newfoundland and Labrador,1856
1998,Nova Scotia,1837
1998,Ontario,5013
1998,Prince Edward Island,337
1998,Quebec,7504
1998,Saskatchewan,1184
1999,Alberta,1815
1999,British Columbia,3017
1999,Manitoba,2293
1999,New Brunswick,1936
1999,Newfoundland and Labrador,2063
1999,Nova Scotia,2125
1999,Ontario,6946
1999,Prince Edward Island,401
1999,Quebec,8096
1999,Saskatchewan,1788
2000,Alberta,2341
2000,British Columbia,3003
2000,Manitoba,2333
2000,New Brunswick,1722
2000,Newfoundland and Labrador,1674
2000,Nova Scotia,1972
2000,Ontario,7196
2000,Prince Edward Island,370
2000,Quebec,8216
2000,Saskatchewan,1636
2001,Alberta,2369
2001,British Columbia,3043
2001,Manitoba,2553
2001,New Brunswick,1992
2001,Newfoundland and Labrador,1727
2001,Nova Scotia,2301
2001,Ontario,7983
2001,Prince Edward Island,452
2001,Quebec,8741
2001,Saskatchewan,1886
2002,Alberta,2129
2002,British Columbia,3665
2002,Manitoba,2560
2002,New Brunswick,1811
2002,Newfoundland and Labrador,1450
2002,Nova Scotia,1989
2002,Ontario,8372
2002,Prince Edward Island,376
2002,Quebec,8239
2002,Saskatchewan,1388
2003,Alberta,3202
2003,British Columbia,3948
2003,Manitoba,3078
2003,New Brunswick,2046
2003,Newfoundland and Labrador,1490
2003,Nova Scotia,2175
2003,Ontario,11080
2003,Prince Edward Island,416
2003,Quebec,8950
2003,Saskatchewan,1670
2004,Alberta,3293
2004,British Columbia,4544
2004,Manitoba,2683
2004,New Brunswick,1868
2004,Newfoundland and Labrador,1345
2004,Nova Scotia,2039
2004,Ontario,11151
2004,Prince Edward Island,387
2004,Quebec,7771
2004,Saskatchewan,2236
2005,Alberta,3839
2005,British Columbia,6374
2005,Manitoba,3655
2005,New Brunswick,2558
2005,Newfoundland and Labrador,4053
2005,Nova Scotia,3803
2005,Ontario,15090
2005,Prince Edward Island,522
2005,Quebec,11595
2005,Saskatchewan,2337
2006,Alberta,3354
2006,British Columbia,5695
2006,Manitoba,3467
2006,New Brunswick,2408
2006,Newfoundland and Labrador,1732
2006,Nova Scotia,2785
2006,Ontario,14226
2006,Prince Edward Island,491
2006,Quebec,12059
2006,Saskatchewan,2234
